### MAXIMUM SYSTEM FREQUENCIES ###,
ORDER,MAXIMUM FREQUENCY
5,80.5152979066
10,71.9890576632
20,62.1310966139
50,52.2384161312
100,41.674321234
200,33.9832311211
500,21.998212121
